MatchID,TeamName,FirstBlood,FirstBaron,DragonKills,BaronKills
683,Team Xujajum,No,No,4,3
966,ZenuXowor,Yes,No,3,2
291,PewuKim,No,Yes,2,1
540,QunubQas,No,Yes,1,3
783,Duzegofa Gaming,Yes,Yes,2,2
419,Marax Esports,No,No,2,3
368,Team Cukejeme,No,Yes,2,0
127,Silevose Bogipove,Yes,Yes,4,2
604,Paweqep Gaming,Yes,No,0,0
316,Cohiluga Esports,No,Yes,4,1
240,Sehas FC,Yes,No,0,2
322,Dudixu Xopomilu,No,Yes,3,0
329,Rixebew Husetojo,Yes,Yes,2,0
900,SadiLuwez,Yes,No,3,1
182,Xemiyona Watateya,Yes,Yes,0,3
507,Zabigid Gaming,No,No,1,0
198,Team Moqubo,Yes,No,5,0
898,Jegevu FC,No,Yes,0,1
481,Team Tefecugo,Yes,Yes,5,2
927,Nuxida United,Yes,Yes,4,2
624,Team Qosorap,No,Yes,3,2
656,WevZiji,Yes,No,2,1
586,JeseMiceq,No,No,4,0
551,Xoyaxa FC,Yes,Yes,3,2
959,Team Qosorap,No,Yes,4,3
281,Romasivi Gaming,No,Yes,5,2
111,Nujamox Xoyet,Yes,No,1,3
498,Zenoko United,No,No,0,3
618,Wuyeziy Gaming,No,Yes,4,2
220,Gololuho Esports,Yes,No,5,3
928,Buyoxow Esports,No,No,2,3
925,HemRuge,No,Yes,4,1
361,Miseyogi FC,No,No,3,0
604,Suseni Gaming,No,Yes,0,2
253,Wunur Hoqomi,No,Yes,5,1
440,Nemuray Tujebi,No,No,1,3
292,Team Zuvel,Yes,Yes,0,2
592,Team Yudufib,No,Yes,2,1
985,Team Muwijin,Yes,Yes,2,0
141,Team Xizuvuc,No,Yes,5,3
160,MitSeb,No,Yes,1,1
907,Wapul Jusurefe,Yes,No,0,3
442,Dufewez Wokaf,No,Yes,5,0
396,Locimuh Qiluhi,No,No,1,0
498,FeyeHojiw,Yes,Yes,1,2
31,Humoto Esports,Yes,No,2,3
814,Team Lefusiw,Yes,No,5,2
175,Team Xuvum,No,No,4,2
206,Taqaten Esports,No,No,2,0
151,Team Degecut,Yes,Yes,2,3
424,DeciTod,No,No,5,3
956,LolaWaye,Yes,No,2,0
488,Fajipo Vufeze,No,No,3,2
397,Zabigid Gaming,Yes,Yes,5,3
566,Zisiyu Yupurof,Yes,Yes,2,1
826,Repiku Fodusuc,No,No,0,3
631,Tewur Lijesi,Yes,Yes,0,1
453,Team Tefecugo,Yes,No,5,2
829,RanugRen,Yes,Yes,4,3
5,WawiWaz,No,Yes,2,2
495,Repiku Fodusuc,Yes,Yes,4,1
867,Wetiref Vuxak,No,Yes,5,2
873,Paweqep Gaming,No,Yes,1,3
404,Fadipow Sukipo,Yes,No,3,2
931,FuwRuh,Yes,Yes,2,1
278,Team Xujajum,No,No,3,2
418,QimeDeqi,No,Yes,1,0
849,Vufivese Pezusopo,No,No,1,1
53,Qepepige Esports,Yes,Yes,3,3
833,Demut United,Yes,Yes,2,1
746,Team Negoru,No,No,5,1
219,PowuwBowo,No,No,0,2
958,Team Yivuyup,Yes,No,4,1
736,WemukGiv,No,No,2,3
792,Tixiruti Esports,No,Yes,0,1
572,Zabigid Gaming,Yes,No,4,3
345,TamefVag,Yes,No,2,1
995,Gabogo United,No,Yes,4,1
644,Team Xawakej,No,Yes,5,0
168,Team Qedoli,Yes,Yes,5,1
264,Vayana Katoqe,No,Yes,4,1
598,Demut United,Yes,Yes,4,1
611,XozePox,No,No,3,2
17,Team Qefik,No,No,5,2
704,QirejZayo,No,No,1,0
376,Team Cotuwiha,No,No,3,3
215,Jibiz Gaming,No,No,1,2
258,Qadibali Gebemil,Yes,No,4,1
1,Team Muwijin,Yes,Yes,2,2
138,Zisiyu Yupurof,Yes,No,2,2
95,WawiWaz,Yes,No,4,1
828,HonibVohu,Yes,No,2,1
50,Goyajel FC,No,Yes,1,3
621,Vojop Jabev,Yes,Yes,3,1
613,Badov Esports,Yes,Yes,0,2
921,Yelozen United,No,Yes,4,0
787,Coqof Fevejos,No,Yes,5,3
430,Mefavur United,No,Yes,3,1
63,Suseni Gaming,Yes,Yes,3,3
649,Team Niwaxav,No,No,0,0
379,Fewena Muluwayu,Yes,No,3,2
858,Goyajel FC,Yes,Yes,2,3
277,KojCuq,Yes,Yes,3,2
301,WagLaga,Yes,No,2,1
790,Hepiwewu United,Yes,Yes,0,0
548,Wetiref Vuxak,Yes,No,5,2
843,Votiqex Dilibiwe,No,No,4,1
839,Yifac Gaming,No,Yes,0,0
231,Team Vamizu,Yes,Yes,2,1
305,Team Qeyoloq,No,Yes,5,0
912,KofarBayu,Yes,No,1,2
463,Team Rixerinu,No,No,3,2
408,Team Kanux,No,No,1,1
598,Romasivi Gaming,No,No,3,1
239,Jajavayu FC,No,Yes,4,3
555,Wufiqazo FC,Yes,Yes,1,3
706,Wufiqazo FC,Yes,Yes,3,3
33,Nemuray Tujebi,Yes,Yes,1,1
634,Waredife FC,Yes,No,0,3
504,FosZemu,Yes,No,3,0
441,Paxaso Puzotoju,No,No,3,1
739,NacosKufug,No,No,1,1
436,Team Wukot,Yes,Yes,5,1
499,Team Gowuz,Yes,Yes,2,0
572,Team Xawakej,No,Yes,2,2
618,Team Kuzucocu,Yes,No,2,1
545,Qufuh FC,Yes,No,3,0
528,Maqocoy FC,Yes,Yes,3,3
330,Team Woqenahi,No,Yes,3,0
460,Team Mebexuv,Yes,No,1,0
660,Team Heraku,No,Yes,0,2
825,Mizuca Wegobo,No,Yes,5,0
250,Team Cotuwiha,Yes,Yes,5,1
640,Team Yejuluxi,Yes,No,0,2
349,KofarBayu,Yes,Yes,4,3
512,Wunur Hoqomi,Yes,Yes,1,2
872,Team Mapukupa,Yes,No,0,2
779,Gololuho Esports,No,Yes,4,2
201,Team Vocadi,Yes,No,5,1
35,GavSeg,No,No,1,1
801,Cuyex Yuyaj,No,No,3,3
51,Taqaten Esports,Yes,No,3,1
345,Cefof United,No,Yes,5,1
282,ZuhDux,No,Yes,1,0
874,Yemesom Qajot,No,No,3,2
509,Badov Esports,No,Yes,5,2
100,Tojim Bokaqi,No,Yes,5,2
356,Xoyaxa FC,Yes,Yes,4,0
562,QajadKek,Yes,No,5,2
455,Team Qejoc,No,No,5,3
404,Cikeceze Givaxoq,No,Yes,1,1
978,SadiLuwez,No,No,4,3
50,Josiza Gaming,Yes,No,2,2
370,MopoJeti,Yes,Yes,5,3
683,Puvorura United,Yes,Yes,5,2
791,Team Migosu,No,Yes,2,0
444,Romasivi Gaming,No,No,3,2
619,DeciTod,Yes,Yes,0,2
441,Sogoyaje Hukejof,Yes,Yes,2,3
27,Team Qakihuzi,Yes,Yes,4,0
860,Team Bisane,No,No,5,1
794,Team Delegi,Yes,Yes,0,2
705,Bemuf Vibos,No,Yes,2,2
733,Gixido Bukur,Yes,No,0,0
710,Team Bedizoku,No,No,4,3
132,Luwihiy Gaming,Yes,No,0,0
806,VacQoho,Yes,Yes,1,3
735,XeqeqKim,Yes,No,1,0
194,XanusDuv,No,Yes,2,0
696,Team Tecajofi,Yes,No,0,1
941,QimeDeqi,No,No,3,0
437,Team Sokuv,No,No,2,2
225,Waredife FC,Yes,No,2,3
602,VezaZipok,No,Yes,2,3
62,Yaculime Poricu,No,No,5,1
464,NesinDuko,Yes,Yes,0,2
911,YotoqQuxa,Yes,Yes,3,0
959,XadusJobe,Yes,No,2,1
375,Team Qizodez,Yes,No,4,1
877,Team Pusohi,No,No,4,1
894,FeyoFej,No,Yes,0,1
213,Fewena Muluwayu,No,No,2,1
989,Romasivi Gaming,No,No,3,2
233,Yejifeg Pufojisi,Yes,Yes,3,0
944,Team Yivuyup,Yes,Yes,4,2
750,Team Panux,Yes,No,5,0
596,Cejudol Sacaken,Yes,Yes,1,1
48,MayiLonun,Yes,Yes,0,2
973,Team Biqad,No,No,2,3
20,Gigim Foroc,No,Yes,1,0
801,Team Holico,Yes,Yes,4,3
800,Team Nasifihe,Yes,Yes,2,3
267,Covojag Jepuco,Yes,No,0,3
137,Toneg Mizuxi,No,Yes,0,0
615,Wujuso Tusiwi,No,No,3,1
972,HanXogij,Yes,No,1,3
112,WafurPom,Yes,No,0,2
433,Vojop Jabev,No,No,2,0
468,Tiresep FC,Yes,No,1,0
246,Pepoquzu Lulijuji,No,No,1,0
241,Team Moqubo,Yes,No,0,1
330,Jubayuda Quheped,Yes,No,2,0
377,Team Zuvel,No,Yes,5,0
471,Team Mijey,Yes,No,4,2
270,Zevozoza United,No,Yes,2,2
194,Tixiruti Esports,Yes,No,2,2
192,XozePox,Yes,No,1,3
473,Fajipo Vufeze,No,Yes,0,0
934,Yonafobo Esports,No,No,3,2
464,WagLaga,No,No,3,0
692,FosZemu,Yes,Yes,2,1
5,LiqNeg,Yes,No,3,1
501,Nilukeze Noran,Yes,Yes,1,1
885,Zoracig Esports,No,Yes,3,3
105,Pitoyav Moyeviwo,Yes,Yes,1,3
525,Woyejice Gaming,No,Yes,3,0
10,Puvorura United,Yes,Yes,4,0
444,Jegevu FC,Yes,Yes,3,2
75,QajadKek,Yes,No,4,3
135,Focozi Gejoheg,No,No,2,1
981,Team Xixadib,No,No,5,1
884,Rovili Yekom,No,Yes,1,3
86,MitSeb,No,No,5,1
89,Team Xizuvuc,Yes,Yes,1,0
398,Fuqicar United,No,No,1,1
283,RikiYec,No,No,2,1
806,Kixejeca Gaming,No,No,5,0
240,Yiwafuw Gaming,No,Yes,1,0
645,Rixebew Husetojo,No,Yes,2,1
327,Silevose Bogipove,Yes,No,2,3
83,XifJokis,No,No,4,2
485,Silevose Bogipove,Yes,Yes,0,1
675,Mefavur United,Yes,No,5,0
76,Luxode United,No,No,0,2
265,JeseMiceq,Yes,No,2,3
224,YitVekoj,Yes,No,1,1
377,Paseca Gaming,Yes,No,3,1
413,Vojop Jabev,Yes,Yes,4,2
523,Team Mijey,Yes,No,3,0
490,XukZadul,Yes,No,2,2
537,FeyoFej,Yes,No,5,0
501,Team Wohus,No,No,2,1
336,Team Gihoc,Yes,Yes,1,0
185,Foyat Gaming,No,Yes,2,1
928,Team Xutodoze,Yes,Yes,3,3
381,QelKulu,Yes,No,4,2
813,DugeZah,No,Yes,1,3
384,Yemesom Qajot,No,Yes,5,3
999,Yitac United,No,Yes,2,2
229,Wetiref Vuxak,Yes,Yes,2,1
752,Team Qosorap,Yes,No,0,0
71,Team Qakihuzi,No,Yes,0,1
465,Nujamox Xoyet,No,No,1,3
372,Paseca Gaming,No,Yes,0,0
924,Hepiwewu United,No,No,1,2
76,WiniNakij,Yes,Yes,1,0
917,Zabigid Gaming,No,Yes,0,3
232,Team Xizuz,Yes,Yes,1,3
7,Gixido Bukur,No,Yes,1,2
72,VeqDazid,No,Yes,2,0
819,ToyiGum,Yes,Yes,3,3
271,QimeDeqi,Yes,Yes,3,2
708,VezaZipok,Yes,Yes,4,1
414,Waredife FC,Yes,Yes,5,2
1,Tasen United,No,No,2,0
459,Team Qosorap,No,Yes,1,2
23,RoyJome,Yes,Yes,0,2
531,Zezusoge Esports,No,Yes,3,1
197,Gezato Solam,No,Yes,2,2
273,Taqaten Esports,Yes,No,4,2
662,Buyoxow Esports,Yes,Yes,0,1
296,Team Mapukupa,No,No,0,3
257,DixusRadeg,Yes,No,1,2
29,Qorig Esports,Yes,Yes,5,0
417,Yapinu Fexot,No,No,1,3
911,Josiza Gaming,No,No,3,0
282,FeyeHojiw,Yes,No,3,1
346,BojupJilu,No,Yes,3,0
204,XiwaNuxo,Yes,No,0,0
186,Team Qedoli,No,No,2,2
11,Cadim Esports,No,Yes,0,0
722,HuruLaho,Yes,No,3,0
142,Zapucaz Rigawi,Yes,Yes,4,3
227,QezYehe,No,Yes,1,2
23,VavQihej,No,No,5,1
696,Zezusoge Esports,No,Yes,2,3
439,NediDor,Yes,No,2,3
362,GifebLafa,Yes,No,5,0
823,Puhipizi Qedeqi,Yes,No,4,1
363,Bejahiru Hoxov,Yes,No,0,2
54,WemukGiv,No,No,1,3
403,BojupJilu,No,Yes,2,2
831,XifJokis,No,No,0,0
26,Yohakoje Esports,Yes,Yes,1,1
805,FosZemu,No,No,3,3
477,Team Gowuz,No,Yes,3,1
285,Team Mebexuv,No,No,0,1
747,RubovYive,No,Yes,0,3
247,WafurPom,No,Yes,3,1
349,Waviluv United,No,No,1,1
698,Higax Esports,Yes,No,3,0
298,FeyoFej,No,No,5,3
113,Focozi Gejoheg,Yes,No,3,0
610,Team Qosorap,Yes,No,0,3
996,ZuhDux,No,Yes,1,1
857,Qanado Esports,No,No,2,3
635,Toneg Mizuxi,No,Yes,0,1
490,Bufog FC,No,Yes,0,2
730,Zapucaz Rigawi,No,Yes,0,0
547,Zelozej Esports,No,No,4,1
596,RajihSih,No,No,3,2
99,Coqof Fevejos,No,Yes,2,2
173,Qepepige Esports,Yes,No,3,3
675,HanXogij,No,Yes,0,1
316,RoyJome,Yes,No,5,0
283,GifebLafa,Yes,Yes,4,2
648,Wafeqa United,No,Yes,3,2
914,Team Mexubaj,Yes,No,2,3
500,XosegMukek,Yes,No,5,3
419,Waviluv United,Yes,Yes,1,2
821,Team Wiqeb,Yes,No,0,1
248,Team Cagis,Yes,No,5,0
563,Humos United,No,No,4,1
175,Yaculime Poricu,Yes,Yes,0,0
557,Team Xizuvuc,Yes,No,3,0
381,Woyejice Gaming,No,Yes,5,3
657,LilozZehi,No,No,3,3
669,Notof Cubuteyi,Yes,Yes,1,3
274,ToyiGum,Yes,No,4,0
502,Team Yetapowo,No,Yes,4,2
591,Pitoyav Moyeviwo,Yes,No,5,0
287,Cejudol Sacaken,Yes,No,3,0
56,KoqMakoq,No,No,5,3
78,QajadKek,Yes,No,0,2
492,FuhZasuf,Yes,Yes,1,2
252,Deduy Xageqam,No,Yes,1,0
668,PowuwBowo,Yes,Yes,2,3
718,Team Zatula,Yes,No,3,3
193,HetiwJafa,Yes,No,5,0
553,Yonafobo Esports,Yes,Yes,1,3
109,Covojag Jepuco,Yes,Yes,4,3
223,Focozi Gejoheg,Yes,No,3,2
741,Tubuq Cubebog,Yes,Yes,3,0
795,FuwRuh,Yes,Yes,1,3
473,Team Karufo,Yes,No,3,3
956,Deduy Xageqam,No,Yes,0,3
926,Team Facom,Yes,Yes,1,0
410,Team Nezolu,Yes,Yes,2,3
484,DeciTod,No,No,4,3
367,Team Qefik,No,No,0,1
393,Team Zatula,Yes,No,4,2
313,Deduy Xageqam,Yes,Yes,4,3
876,WagLaga,Yes,Yes,0,0
734,Nekom FC,No,No,2,1
710,JoqiCuyot,Yes,Yes,4,1
626,Team Bisane,Yes,No,2,2
487,Team Hetuwor,Yes,Yes,0,3
984,Team Panux,No,Yes,3,2
325,Waviluv United,Yes,No,2,2
420,VavQihej,No,No,4,0
715,Team Hetuwor,No,No,2,2
295,Fewena Muluwayu,Yes,No,3,1
502,Team Xixadib,Yes,No,2,0
542,Hibot Vumefuwi,No,No,5,0
866,Xoyaxa FC,No,No,1,3
773,YotoqQuxa,Yes,No,3,0
757,Hicoyoh Cofim,No,No,3,2
724,Team Jeledek,No,No,3,2
922,Vujoxaga Esports,Yes,Yes,4,0
742,Bufog FC,Yes,Yes,0,1
122,Xegotube Tivuki,No,No,1,1
156,VezaZipok,Yes,No,2,1
557,Team Woqenahi,No,Yes,3,1
451,Lutarato Yomiberi,Yes,No,1,0
865,Team Kijul,Yes,Yes,1,2
657,Team Jeledek,Yes,Yes,2,3
263,Gigidoh FC,Yes,Yes,5,1
789,JoqiCuyot,No,Yes,4,2
847,QezYehe,Yes,Yes,4,0
946,WoyVov,Yes,Yes,2,0
451,Zisiyu Yupurof,No,Yes,2,2
445,Zoracig Esports,No,No,2,0
234,Gololuho Esports,No,No,5,0
154,Gamuxum Esports,No,No,1,2
949,Yelozen United,Yes,Yes,0,2
954,Jegevu FC,No,No,1,2
934,Team Gaboq,Yes,Yes,5,2
247,Tasen United,Yes,No,1,2
515,LulLefe,No,Yes,3,1
214,Team Pinofo,No,Yes,0,2
409,Huqucoh Tidogu,No,Yes,4,1
321,Team Wobum,Yes,No,1,0
627,RikiYec,No,Yes,2,3
827,Team Racarohi,No,Yes,5,2
238,Team Biqad,No,Yes,2,3
82,Team Qejoc,Yes,No,5,0
537,Hareluxa Cejowax,No,Yes,3,3
13,ZafazXiha,No,Yes,4,3
383,Team Vajidodu,Yes,Yes,0,1
161,QunubQas,Yes,Yes,2,2
492,Leguvus FC,No,No,5,3
261,FosZemu,No,Yes,4,2
166,Zijuhi Hewupu,No,Yes,5,0
765,ZuhDux,No,No,1,0
324,Zevozoza United,No,No,5,0
707,Wapul Jusurefe,No,Yes,0,1
577,Team Kuzucocu,No,No,2,0
357,LulLefe,No,Yes,4,1
210,XeqeqKim,No,No,0,3
371,Bibeqasu Gaming,No,No,4,3
521,Bolilawa Gaming,Yes,No,1,2
636,BojupJilu,Yes,No,5,1
127,Dimanofe Laqotur,No,No,0,2
488,DoturQod,Yes,Yes,4,1
456,Hemuxeb Lomem,Yes,No,4,0
871,PewuKim,Yes,Yes,5,2
739,VacQoho,Yes,Yes,2,1
738,Pexam Wajoto,Yes,Yes,4,0
883,NediDor,No,Yes,4,2
855,RoheGaric,No,Yes,2,2
344,Nekom FC,Yes,Yes,3,0
960,QajadKek,No,Yes,0,1
306,XizozFoso,No,No,2,2
220,Team Wobasi,No,Yes,0,0
145,Yazir Esports,Yes,No,1,0
624,Humoto Esports,Yes,No,4,1
966,Duneqo Esports,No,Yes,2,1
222,Pepoquzu Lulijuji,Yes,No,1,2
777,Nekek United,No,No,1,3
486,Yifac Gaming,No,No,4,2
167,Team Riyufuza,Yes,No,4,3
775,Team Xuvum,Yes,Yes,4,3
773,Zuvusuj Esports,No,Yes,2,0
153,Yobidot Qovamuyi,Yes,No,1,3
769,Bufog FC,Yes,No,1,1
986,Ducebu Esports,Yes,No,4,0
494,ToyiGum,Yes,No,4,1
955,Rixebew Husetojo,No,No,5,1
988,Xemiyona Watateya,Yes,Yes,1,0
769,Sayineju Borimoba,No,Yes,1,3
887,Hepiwewu United,Yes,No,3,1
563,Team Yipigut,Yes,Yes,4,0
425,Team Qemidod,No,No,1,2
668,Dovutose Esports,No,No,4,0
138,Wafeqa United,No,Yes,1,2
852,Waredife FC,No,Yes,5,0
952,Romasivi Gaming,Yes,Yes,0,1
233,Team Xewuxa,No,No,1,2
728,Huqucoh Tidogu,Yes,Yes,3,1
962,Tasen United,Yes,No,1,2
205,Zijuhi Hewupu,Yes,No,5,2
438,TutaJipil,Yes,No,4,1
995,Team Niwaxav,Yes,No,0,3
108,DosuPubu,Yes,No,0,3
964,BuwDax,Yes,Yes,3,2
529,Team Vajidodu,No,Yes,2,3
690,Team Zuxihup,No,Yes,2,3
258,Xemiyona Watateya,No,Yes,1,3
1000,Hevep Esports,Yes,Yes,3,1
695,Hejiqoba Kuxilo,No,Yes,2,2
18,Rovili Yekom,No,No,0,1
791,Team Vocadi,Yes,No,2,0
265,Joqimihe FC,No,Yes,3,1
905,Team Hepiwobu,No,No,5,3
518,Wujuso Tusiwi,Yes,No,0,3
301,Yitac United,No,Yes,3,1
885,Team Tecajofi,Yes,No,1,2
859,Fewena Muluwayu,No,Yes,1,0
880,Qunete Esports,Yes,No,0,3
982,GasLiw,Yes,Yes,4,0
245,Humoto Esports,No,Yes,2,2
117,VuzohPed,Yes,Yes,4,0
259,Team Xuvum,No,Yes,4,1
520,ReviLirul,Yes,No,3,2
694,Team Cotuwiha,No,Yes,1,2
910,Jubayuda Quheped,No,Yes,1,3
339,JiwoNawud,Yes,Yes,4,1
518,Team Nezolu,No,Yes,4,1
608,Team Xizuz,Yes,Yes,3,1
741,Team Qosorap,No,No,1,0
469,Zijuhi Hewupu,Yes,No,0,3
767,Qoxipa Esports,Yes,No,0,0
615,Sukud Gaming,Yes,Yes,2,3
203,Team Muwijin,No,No,3,0
994,Wunur Hoqomi,No,No,2,2
82,Wowenoy Havicuw,No,Yes,4,3
941,Reboloqu Tafeyaza,Yes,Yes,1,2
300,FuwRuh,No,Yes,1,1
672,Hicoyoh Cofim,Yes,No,5,0
527,Miseyogi FC,Yes,No,2,3
101,Paweqep Gaming,No,Yes,5,1
868,Vayana Katoqe,Yes,Yes,1,1
646,Desapiq FC,No,No,3,2
638,Yejifeg Pufojisi,Yes,Yes,1,2
832,Cefof United,No,Yes,2,1
620,Suhuta Cehire,No,No,4,1
38,Team Negoru,No,Yes,2,0
14,Suhuta Cehire,No,No,0,1
228,Team Hetuwor,Yes,Yes,2,2
522,Vufivese Pezusopo,No,Yes,2,3
315,Team Degecut,No,Yes,1,3
554,Team Wasad,Yes,No,2,1
939,Hejiqoba Kuxilo,Yes,Yes,1,1
395,Team Tecajofi,Yes,No,3,3
541,Wowenoy Havicuw,No,No,5,2
368,Joqimihe FC,Yes,No,5,0
628,Yejifeg Pufojisi,Yes,Yes,2,0
890,Loqav Dadoqiti,No,Yes,1,3
304,TutaJipil,No,No,1,1
960,Tobiv Esports,Yes,No,4,0
819,Team Gihoc,No,No,1,1
678,GidaMane,No,Yes,0,2
932,FaqoDoz,No,Yes,1,0
893,Kizot Tokop,No,No,4,3
489,RajihSih,Yes,Yes,5,0
415,Team Pusohi,No,Yes,0,1
861,Zapucaz Rigawi,No,Yes,3,2
326,Zuvusuj Esports,No,No,0,2
597,Team Nasifihe,Yes,Yes,2,2
550,Yogiqar Esports,Yes,No,5,1
455,Hevep Esports,Yes,Yes,5,3
978,SevaKohi,Yes,Yes,5,3
969,RoheGaric,Yes,No,0,3
817,Team Nasifihe,Yes,Yes,1,2
531,LiqNeg,Yes,No,1,3
784,Maqocoy FC,Yes,No,3,2
804,Gabogo United,Yes,Yes,4,3
744,Team Yakopan,No,No,2,2
904,Wapul Jusurefe,Yes,Yes,3,1
173,Yemesom Qajot,No,Yes,5,2
262,DixusRadeg,Yes,No,5,2
811,Jokiruf FC,Yes,No,4,1
875,Hareluxa Cejowax,Yes,No,0,2
372,Bemuf Vibos,Yes,No,5,0
719,Yelozen United,Yes,Yes,5,0
199,Mefavur United,No,Yes,2,2
443,Team Yetapowo,No,Yes,1,3
536,Bibeqasu Gaming,No,No,4,0
762,RajihSih,Yes,Yes,4,0
325,Maqocoy FC,No,Yes,5,1
667,ZukuhPidon,Yes,Yes,0,2
823,SijoVal,No,Yes,0,2
623,ZenuXowor,Yes,Yes,1,2
794,Team Worefuco,No,No,2,0
360,Rosayu Gomuxax,No,No,2,2
276,Dimanofe Laqotur,Yes,No,1,1
238,Team Wukot,Yes,No,1,3
427,Ruruzome Gaming,No,No,1,3
310,DugeZah,No,Yes,1,1
833,Cejudol Sacaken,No,No,3,0
406,Rixebew Husetojo,Yes,Yes,0,3
332,Vevacom Lexifeje,Yes,Yes,0,3
730,Team Vegeza,Yes,No,0,1
895,Qojariju Gaming,No,No,0,2
807,Pitoyav Moyeviwo,No,Yes,4,3
358,Locimuh Qiluhi,Yes,Yes,4,0
414,Paseca Gaming,No,No,1,0
164,Team Qizodez,Yes,No,1,0
44,Cejudol Sacaken,No,No,0,2
707,WagLaga,Yes,No,5,1
800,Kotey Peqopexi,No,No,3,3
342,Qoxuy Yinapo,Yes,Yes,3,0
386,Cohiluga Esports,Yes,No,0,3
900,Team Kanux,No,Yes,5,1
70,XifJokis,No,No,1,0
4,Team Nasifihe,No,Yes,4,1
180,XeqeqKim,Yes,No,4,3
786,QirejZayo,Yes,Yes,4,0
522,NediDor,Yes,No,4,0
573,ZuhDux,Yes,No,0,1
195,QefDehu,No,Yes,4,2
877,DugeZah,Yes,Yes,2,1
945,SitiJoyi,Yes,Yes,5,2
378,Hareluxa Cejowax,Yes,No,5,2
221,FuhZasuf,No,No,3,1
379,Team Viwihuqu,No,Yes,2,3
686,Team Kijul,Yes,Yes,1,0
257,Wodifuw Gipiyoro,No,Yes,3,0
793,HonibVohu,No,No,4,3
361,Sirumum Yasopuxi,Yes,Yes,5,2
967,Lixeka United,No,Yes,5,2
470,Teveral Suwez,No,Yes,4,0
529,Tomes Gaming,Yes,No,2,3
423,QezYehe,Yes,No,4,0
434,Joqimihe FC,Yes,Yes,5,0
366,Huqucoh Tidogu,Yes,No,5,1
997,Miseyogi FC,No,Yes,0,0
106,QirejZayo,No,Yes,4,2
630,Team Wiqeb,No,Yes,2,1
98,Jokiruf FC,Yes,No,4,3
323,BojupJilu,Yes,Yes,3,2
929,Gamuxum Esports,Yes,Yes,4,0
980,Team Wohus,Yes,Yes,3,2
421,Team Jinud,No,Yes,0,0
843,Team Gofoqute,Yes,Yes,1,3
957,FuxeQomi,No,Yes,5,0
370,Qerefuxe Gaming,No,No,0,3
586,Bibeqasu Gaming,Yes,Yes,4,3
547,NawYer,Yes,Yes,1,1
399,Tewur Lijesi,Yes,No,1,3
515,Team Negoru,Yes,No,5,0
115,Zenoko United,No,Yes,1,1
224,SitiJoyi,No,Yes,4,2
829,GavSeg,No,No,4,1
12,Paseca Gaming,Yes,Yes,0,2
713,Mizuca Wegobo,No,No,1,1
712,Locimuh Qiluhi,No,Yes,1,3
963,Team Gihoc,Yes,No,2,0
976,Maraqece Vupuriq,No,No,3,3
556,Qunete Esports,Yes,Yes,2,0
241,HuruLaho,No,Yes,5,2
848,Team Jihikita,Yes,Yes,4,0
131,Jizume United,No,Yes,3,0
373,RikiYec,No,Yes,4,1
3,ZafazXiha,No,No,4,1
211,DameKoz,Yes,Yes,2,1
930,Jozafic Gayuj,Yes,Yes,5,1
920,ToyiGum,No,No,4,2
929,Kizot Tokop,No,No,4,3
589,Vayana Katoqe,Yes,No,2,0
699,Jegevu FC,Yes,No,4,3
448,Loqav Dadoqiti,Yes,No,3,1
685,KacedZaqu,Yes,Yes,1,2
255,Zuvusuj Esports,Yes,Yes,2,0
797,Team Bedizoku,No,Yes,3,0
647,TutaJipil,Yes,Yes,5,1
432,Team Xujajum,No,No,3,1
251,Vujoxaga Esports,No,No,5,3
163,Team Bedizoku,No,Yes,5,0
510,Team Facom,No,No,0,3
223,Yelozen United,No,Yes,4,3
53,FopLova,No,No,1,1
121,Team Denij,No,No,1,1
147,Team Degecut,Yes,No,5,2
402,Team Sokuv,No,Yes,3,1
979,Duzegofa Gaming,No,Yes,0,1
865,ZugiqCayag,No,No,2,3
666,Team Nimugo,No,Yes,4,0
817,Yohakoje Esports,No,No,1,3
971,Team Wohus,Yes,No,0,2
620,Yonafobo Esports,Yes,Yes,5,2
525,Dayuha Xifepava,Yes,No,2,2
135,Zevon Gaming,Yes,Yes,1,2
853,Niqez Esports,Yes,Yes,0,2
249,Team Vamizu,No,No,3,2
436,FeyeHojiw,No,No,0,0
155,Notof Cubuteyi,Yes,No,5,0
774,Team Jihikita,Yes,Yes,4,1
202,Team Panux,Yes,Yes,0,0
569,HemRuge,No,No,0,0
243,Team Pusohi,No,No,0,0
519,KulLav,No,No,2,2
278,Taqaten Esports,Yes,Yes,0,3
56,Fipufi Gaming,Yes,Yes,5,2
991,Team Yakopan,Yes,Yes,5,2
334,WagLaga,Yes,No,5,1
899,NawYer,Yes,No,2,3
413,Team Mexubaj,No,No,5,0
313,Team Buyemu,No,No,2,0
39,Cadim Esports,No,No,5,1
398,Team Rixerinu,Yes,Yes,0,1
3,Yogiqar Esports,Yes,Yes,2,3
979,Jubayuda Quheped,Yes,No,3,0
765,Team Niwaxav,Yes,Yes,0,0
191,Nigadego Lemitur,No,Yes,3,2
496,Duzegofa Gaming,Yes,Yes,0,2
855,Nuxida United,Yes,No,2,1
850,Gamuxum Esports,Yes,Yes,3,1
971,Team Xaqoviv,No,Yes,4,2
601,Team Wobum,Yes,Yes,0,2
95,Wujuso Tusiwi,No,Yes,4,1
440,Resajo Dejix,Yes,Yes,4,1
532,ZugiqCayag,Yes,Yes,3,2
845,Paweqep Gaming,Yes,No,1,3
429,FopLova,Yes,No,4,2
136,Woyejice Gaming,Yes,Yes,2,0
457,WiyogPutar,No,No,2,3
299,KoqMakoq,No,Yes,5,0
641,PuvuQasa,No,Yes,2,0
160,SevaKohi,Yes,No,5,2
962,MitSeb,No,Yes,4,1
654,Focozi Gejoheg,No,Yes,0,2
822,Nemuray Tujebi,No,Yes,0,0
363,FeyoFej,No,Yes,5,0
319,Team Degecut,Yes,No,2,3
728,Qadibali Gebemil,No,No,0,0
754,Sagebuxe Yafex,Yes,Yes,2,2
392,Fadipow Sukipo,Yes,Yes,0,1
944,WagLaga,No,No,0,3
191,Fipufi Gaming,Yes,No,2,2
261,KofarBayu,Yes,No,2,2
462,Wowenoy Havicuw,Yes,No,1,1
974,KoqMakoq,Yes,No,4,0
198,Team Degecut,No,Yes,0,3
553,Team Wukod,No,No,2,0
514,Qerefuxe Gaming,Yes,Yes,4,3
718,Team Facom,No,Yes,1,2
67,Ducebu Esports,Yes,No,2,1
489,VacQoho,No,No,0,3
595,Mefavur United,Yes,Yes,0,3
260,JiwoNawud,No,No,1,0
636,Qepepige Esports,No,Yes,4,1
661,WemukGiv,Yes,Yes,2,2
73,Xegotube Tivuki,Yes,No,5,2
887,Vayana Katoqe,No,Yes,4,2
709,FeyoFej,No,No,0,3
623,Bemuf Vibos,No,No,0,3
40,Team Mebexuv,Yes,Yes,0,1
165,Yifac Gaming,No,No,4,3
745,Team Puzumap,Yes,No,5,1
426,QosoVewov,No,No,4,3
309,TamefVag,No,No,2,1
114,LagiQiv,Yes,No,5,1
252,Team Vamizu,Yes,No,5,0
337,Kanehate Esports,No,Yes,3,2
642,KozeJayos,No,Yes,5,2
695,BesoWunuz,Yes,No,4,3
561,RanugRen,Yes,Yes,4,0
690,Team Bedizoku,Yes,No,3,3
952,Maraqece Vupuriq,No,No,3,1
228,Wehuma Esports,No,No,1,1
916,Puvorura United,Yes,No,2,2
365,Yisikeyi FC,Yes,No,5,2
788,Team Qemidod,Yes,Yes,2,0
463,Waveju Esports,Yes,Yes,5,1
663,Jajavayu FC,No,Yes,0,3
793,Yiwafuw Gaming,Yes,Yes,3,0
28,DixusRadeg,Yes,No,4,0
47,Team Dajitosu,Yes,Yes,2,3
932,BojupJilu,Yes,No,4,0
405,Kanehate Esports,Yes,Yes,4,1
117,JeseMiceq,No,No,2,0
731,Team Cotuwiha,No,Yes,0,3
110,Team Wigure,No,No,4,3
48,VuzohPed,No,No,3,0
528,GasLiw,No,No,0,0
711,Xeholi Winoxo,No,No,4,1
948,LilozZehi,No,No,2,0
686,Bemomo Bujeku,No,No,3,2
429,BageJuzob,No,Yes,3,0
465,Team Talori,Yes,Yes,2,0
39,Kizot Tokop,Yes,Yes,5,0
83,Qerefuxe Gaming,Yes,Yes,0,2
590,GasLiw,No,Yes,1,0
733,Team Gihoc,No,Yes,0,1
527,Zijuhi Hewupu,No,Yes,5,3
931,Team Facom,No,No,1,0
517,Tiwon United,No,No,2,2
749,Wodifuw Gipiyoro,Yes,No,5,0
560,FuhZasuf,Yes,Yes,3,0
232,Jetodih Mifecobo,No,No,5,0
171,QirejZayo,Yes,No,1,3
212,SevaKohi,No,Yes,0,0
344,Team Vajidodu,No,No,5,3
642,Dufewez Wokaf,Yes,No,5,1
526,Team Negoru,Yes,No,0,0
461,Team Qiwebegu,No,Yes,5,1
210,Team Qejoc,Yes,Yes,5,1
993,Locimuh Qiluhi,Yes,No,5,3
326,Nujamox Xoyet,Yes,Yes,2,1
654,DeciTod,Yes,No,1,3
57,Waredife FC,Yes,Yes,2,1
808,Pepoquzu Lulijuji,No,Yes,0,0
480,Team Yivuyup,Yes,No,5,2
36,Team Yuzun,No,No,3,3
953,Lixeka United,No,No,5,2
689,Team Buyemu,No,Yes,1,0
407,Bemuf Vibos,No,Yes,0,0
156,Team Yipigut,No,Yes,5,2
521,Hibot Vumefuwi,No,Yes,4,0
701,Team Pikejap,Yes,Yes,4,1
7,FeyeHojiw,Yes,No,0,1
652,Xiqacu Gaming,No,Yes,1,3
125,Team Qavanari,Yes,No,0,2
768,Fadipow Sukipo,Yes,No,0,0
724,YotoqQuxa,Yes,Yes,4,2
831,Zeruveko Pivovuh,Yes,Yes,4,1
200,Lizem Esports,Yes,Yes,2,1
914,Team Jihikita,No,Yes,3,3
625,Hejiqoba Kuxilo,Yes,Yes,1,3
856,BesoWunuz,No,Yes,4,0
782,Tojim Bokaqi,No,No,0,2
610,WafurPom,No,Yes,4,0
434,Nazamif Gaming,No,No,4,3
107,Cejudol Sacaken,Yes,No,5,0
351,Team Hetuwor,No,No,5,0
753,FosZemu,Yes,No,0,0
153,ZuhDux,No,Yes,1,3
680,Cuyex Yuyaj,Yes,No,3,2
43,Hevep Esports,No,No,2,3
375,Yexide United,No,Yes,5,2
171,NawYer,No,Yes,2,2
558,Bohecoqo United,Yes,Yes,0,3
311,LilozZehi,No,No,0,1
541,Team Qemidod,Yes,Yes,1,2
340,Tomes Gaming,No,No,0,2
983,Team Yivuyup,Yes,Yes,2,2
516,Notof Cubuteyi,No,Yes,4,0
239,Jizerux Esports,Yes,No,4,2
2,Notof Cubuteyi,No,No,1,1
431,JoqiCuyot,No,Yes,3,0
902,Hejiqoba Kuxilo,No,No,2,0
254,NacosKufug,No,No,5,3
772,Yonafobo Esports,Yes,Yes,4,0
802,Pitoyav Moyeviwo,Yes,Yes,2,2
113,KulLav,No,Yes,3,3
500,Lizem Esports,No,Yes,0,3
168,Team Xebawuk,No,No,1,3
813,Nekek United,Yes,No,4,1
886,Bibeqasu Gaming,No,No,5,1
760,XiwaNuxo,Yes,No,4,1
836,Team Zedamob,No,Yes,1,3
907,FeyeHojiw,No,Yes,5,2
600,Team Hadobu,No,Yes,2,0
597,Team Nuvomi,No,No,1,3
133,Fewena Muluwayu,No,No,1,2
723,GidaMane,Yes,Yes,4,0
970,Team Sokuv,Yes,No,2,3
711,Team Xutodoze,Yes,Yes,1,1
110,QimeDeqi,Yes,Yes,4,3
778,BesoWunuz,No,No,1,2
356,Team Wasad,No,No,3,0
818,Team Moqubo,No,No,3,0
825,SitiJoyi,Yes,No,2,0
45,Team Zatula,Yes,No,2,0
236,Jibiz Gaming,No,Yes,1,1
205,FuhZasuf,No,Yes,1,3
407,Team Mijey,Yes,No,5,0
295,Team Rixerinu,No,Yes,4,1
332,Xohipi Gaming,No,No,1,3
872,Kotey Peqopexi,No,Yes,0,1
469,Qopacu Esports,No,Yes,2,0
727,Fehepuw United,Yes,Yes,1,2
985,Cuyex Yuyaj,No,No,4,2
206,Team Yudufib,Yes,Yes,4,3
634,XadusJobe,No,Yes,4,0
272,LilozZehi,No,Yes,2,2
770,ZenuXowor,Yes,Yes,0,2
905,Bolilawa Gaming,Yes,Yes,2,2
81,Fehepuw United,Yes,No,1,0
55,ZuhDux,Yes,No,1,2
327,Wapul Jusurefe,No,Yes,1,2
446,Wafeqa United,No,Yes,3,0
263,Team Qedoli,No,No,3,3
834,Qoxipa Esports,Yes,No,1,2
188,Puhipizi Qedeqi,Yes,No,0,1
576,Team Voyati,No,Yes,2,0
442,Niqez Esports,Yes,No,1,0
124,YubSoc,Yes,Yes,2,2
616,Gabogo United,No,Yes,2,1
951,Zowesogo United,No,No,0,1
225,Team Heraku,No,Yes,5,0
320,SevaKohi,Yes,No,5,2
578,YubSoc,Yes,No,5,0
255,Yogiqar Esports,No,No,5,0
842,QezYehe,Yes,No,5,1
984,Tiresep FC,Yes,No,1,0
826,Team Wobasi,Yes,Yes,4,0
977,ZukuhPidon,No,No,2,2
564,Nilukeze Noran,Yes,No,3,1
8,Sogoyaje Hukejof,No,Yes,2,1
411,Covojag Jepuco,No,No,2,1
918,KacedZaqu,Yes,No,2,1
249,Team Migosu,Yes,Yes,3,0
412,Suseni Gaming,Yes,Yes,2,3
145,Team Huxobaq,No,Yes,4,2
961,Team Lefusiw,No,No,0,3
608,Jetodih Mifecobo,No,No,4,0
184,Team Mafuve,No,Yes,5,1
133,Goyajel FC,Yes,Yes,5,1
924,Team Niwaxav,Yes,Yes,1,2
660,Gevorar FC,Yes,No,4,2
149,Cadim Esports,No,No,0,3
816,Team Lifuwoqu,Yes,Yes,3,2
274,Xazuqewe Kufisu,No,Yes,5,0
453,Giwevi FC,No,Yes,5,1
998,Zilupiye Esports,Yes,No,2,0
720,Team Qavanari,Yes,No,3,1
640,Silevose Bogipove,No,Yes,3,0
760,Bufog FC,No,Yes,1,2
427,Team Gihoc,Yes,Yes,5,1
396,Dudixu Xopomilu,Yes,Yes,3,2
697,Loqecuna Xifaz,No,Yes,0,3
433,Duliroqu Esports,Yes,Yes,4,1
109,Team Wakimeni,No,No,4,0
157,Pexam Wajoto,No,No,4,2
288,Team Kegemasu,Yes,Yes,2,1
822,Sahes FC,Yes,No,0,3
943,ZafazXiha,Yes,Yes,1,0
154,KacedZaqu,Yes,Yes,4,0
809,Fewena Muluwayu,Yes,No,4,1
689,Yohakoje Esports,Yes,No,4,3
595,Hibot Vumefuwi,No,No,4,3
839,Lixeka United,Yes,No,5,3
770,Xaruxupo United,No,No,5,1
493,Team Pinofo,Yes,No,5,2
977,Team Riyufuza,Yes,Yes,0,1
385,GifebLafa,Yes,No,4,0
193,Kigaxepe Larip,No,Yes,0,2
318,Hujoq Puyid,No,Yes,5,0
569,Team Nasifihe,Yes,Yes,3,3
993,Team Cowamohu,No,Yes,3,0
599,WiniNakij,No,No,2,0
130,Paseca Gaming,No,No,1,3
755,Wokasa Vovuloc,Yes,Yes,3,0
51,Yaculime Poricu,No,Yes,3,1
458,Mizuca Wegobo,Yes,Yes,3,3
672,RoyJome,No,Yes,3,1
491,YubSoc,Yes,Yes,0,0
766,QajadKek,No,No,2,1
617,Team Yudufib,Yes,Yes,4,3
945,Team Qakihuzi,No,No,1,0
52,DosuPubu,No,No,1,2
505,Bifux Qigade,No,No,2,3
40,Negoc Baxelito,No,No,5,0
732,Wehuma Esports,Yes,No,4,0
866,TamefVag,Yes,Yes,4,2
277,Team Wohus,No,No,4,0
559,CulujJaz,No,Yes,0,1
403,Team Panux,Yes,No,5,0
462,WevZiji,No,Yes,3,3
79,Hejiqoba Kuxilo,No,Yes,2,1
721,Qufuh FC,No,No,4,3
364,Team Cotuwiha,No,Yes,1,0
575,Xoyaxa FC,Yes,No,1,2
350,Yazir Esports,No,No,2,1
511,Focozi Gejoheg,Yes,No,5,3
857,Team Wigure,Yes,Yes,3,1
584,Yifac Gaming,Yes,No,4,1
18,Resajo Dejix,Yes,Yes,1,0
576,Team Yipigut,Yes,No,3,0
723,Xoyaxa FC,No,No,0,1
627,Team Kanux,Yes,No,3,1
420,XukZadul,Yes,Yes,3,2
503,Jihisofu Mejihasi,No,No,5,0
981,Team Qiwebegu,Yes,Yes,2,1
651,Team Xujajum,No,No,0,1
837,Leguvus FC,No,Yes,4,2
29,Team Dilagag,No,No,4,2
593,Sayineju Borimoba,No,Yes,0,3
592,Niqez Esports,Yes,No,3,1
68,Wowenoy Havicuw,Yes,Yes,2,3
854,WapuXili,Yes,Yes,0,0
269,Team Xizuz,Yes,Yes,1,2
677,FuwRuh,No,Yes,1,1
394,Tiwon United,No,No,5,2
585,Kigaxepe Larip,No,Yes,5,1
382,TutaJipil,No,No,0,0
390,Paseca Gaming,Yes,No,5,2
639,HetiwJafa,Yes,Yes,0,1
54,FeyoFej,Yes,Yes,2,3
254,Kovotujo Dobewa,Yes,Yes,4,2
629,Paxaso Puzotoju,Yes,No,4,2
582,Jizume United,Yes,Yes,3,1
869,Xadujo Bixekuj,No,Yes,2,3
554,KofarBayu,No,Yes,1,3
428,Notof Cubuteyi,Yes,Yes,1,0
540,Jihisofu Mejihasi,Yes,No,2,0
426,Qanado Esports,Yes,Yes,1,1
726,DeciTod,No,No,1,1
999,Team Yakopan,Yes,No,4,3
970,ZuhDux,No,Yes,4,1
879,Qoxuy Yinapo,No,Yes,2,3
497,Wapul Jusurefe,No,No,5,3
474,HetiwJafa,Yes,No,3,1
424,Cikeceze Givaxoq,Yes,Yes,4,2
606,Team Bedika,No,No,2,0
534,Joqimihe FC,No,Yes,4,0
725,Sirumum Yasopuxi,Yes,No,3,1
969,RubovYive,No,Yes,1,3
343,Yufum Hiyexe,No,No,0,0
213,Team Gofoqute,Yes,Yes,4,3
508,DixusRadeg,No,Yes,4,2
155,Hujoq Puyid,No,Yes,3,1
142,RubovYive,No,No,5,2
320,Loqav Dadoqiti,No,Yes,3,0
764,Tewur Lijesi,Yes,No,2,1
140,Kayije Xolav,Yes,Yes,4,0
351,RoyJome,Yes,Yes,5,2
894,Yobidot Qovamuyi,Yes,No,3,1
169,FuwRuh,Yes,Yes,1,2
909,Team Yakopan,No,No,0,3
491,QimeDeqi,No,No,4,2
438,Team Wiqeb,No,Yes,3,0
579,Team Xixadib,Yes,No,3,3
734,Silevose Bogipove,Yes,Yes,4,2
212,Zuvusuj Esports,Yes,No,3,2
93,Tewur Lijesi,Yes,Yes,5,0
867,Rixebew Husetojo,Yes,No,0,1
888,Tixiruti Esports,Yes,No,4,0
148,Sogoyaje Hukejof,Yes,Yes,3,0
364,Team Xekopo,Yes,No,1,2
751,Jibiz Gaming,No,Yes,5,1
292,Team Vocadi,No,No,3,3
625,Team Degecut,No,No,4,3
964,Miseyogi FC,No,No,1,2
881,Team Delegi,No,Yes,3,3
422,Yejifeg Pufojisi,Yes,No,4,0
864,Mefavur United,No,Yes,3,3
118,MitSeb,No,No,1,1
52,Gigidoh FC,Yes,Yes,5,0
457,Coqof Fevejos,Yes,Yes,4,1
141,KacedZaqu,Yes,No,3,2
972,Dufewez Wokaf,No,Yes,5,0
849,RanugRen,Yes,Yes,5,2
355,Nujamox Xoyet,Yes,Yes,3,2
846,Team Tasahesi,Yes,No,3,1
284,Bifux Qigade,No,Yes,4,1
943,Fajipo Vufeze,No,No,3,2
753,WawiWaz,No,Yes,4,2
374,GifebLafa,No,No,5,1
412,Qofeb Yofil,No,No,4,1
726,Team Denij,Yes,Yes,0,3
275,Gololuho Esports,Yes,Yes,3,2
896,Team Nasifihe,Yes,No,0,1
778,QimeDeqi,Yes,Yes,1,0
335,Kotey Peqopexi,No,Yes,2,1
196,Covojag Jepuco,Yes,No,1,0
336,Yohakoje Esports,No,No,1,2
355,Xarohah Yametu,No,No,5,3
561,Suhuta Cehire,No,No,2,1
415,LiqNeg,Yes,No,5,1
742,Yejifeg Pufojisi,No,No,4,0
182,Hareluxa Cejowax,No,No,4,3
85,Team Qedoli,Yes,Yes,1,3
104,Team Hadobu,No,Yes,0,2
380,Team Delegi,Yes,No,4,3
65,Bemuf Vibos,No,No,3,0
736,WoyVov,Yes,Yes,0,3
517,Team Qakihuzi,Yes,Yes,4,1
768,Rosayu Gomuxax,No,Yes,3,1
450,Toneg Mizuxi,No,No,2,0
139,Jihisofu Mejihasi,Yes,No,2,1
899,Team Qipiy,No,Yes,0,1
827,Gayikivi Wahuqa,Yes,No,0,2
131,Team Hetuwor,Yes,No,5,0
841,Wodifuw Gipiyoro,Yes,Yes,5,3
921,Gamuxum Esports,Yes,No,2,1
26,HemRuge,No,No,4,2
483,BuxuCifac,Yes,Yes,5,1
435,Cohiluga Esports,No,No,1,3
543,Wokasa Vovuloc,Yes,No,0,2
360,Yelozen United,Yes,Yes,5,0
603,GifebLafa,No,Yes,2,0
870,Qufuh FC,No,Yes,5,2
507,XozePox,Yes,Yes,2,1
114,Pucugocu United,No,Yes,2,1
371,Team Jaruwi,Yes,Yes,3,3
637,HonibVohu,Yes,No,1,0
936,Team Gowuz,No,No,5,3
177,Jizerux Esports,Yes,No,1,1
196,Team Denij,No,Yes,0,1
21,Focozi Gejoheg,No,Yes,0,0
912,Team Kanux,No,Yes,0,0
543,Team Nezolu,No,Yes,2,1
68,QelKulu,No,No,3,0
216,Team Yakopan,No,No,3,2
588,Team Hetuwor,Yes,No,4,0
234,Paweqep Gaming,Yes,Yes,3,1
883,Hicoyoh Cofim,Yes,No,4,3
947,Nejidike Esports,No,No,3,2
721,FopLova,Yes,Yes,3,0
524,Nitaweto FC,No,No,4,1
129,Team Xujajum,Yes,No,5,1
411,Miseyogi FC,Yes,Yes,0,2
809,RubovYive,No,Yes,0,1
279,Lixeka United,Yes,Yes,0,3
939,TamefVag,No,No,1,0
552,Maraqece Vupuriq,No,Yes,0,0
682,KulLav,No,Yes,3,0
124,Team Qiwebegu,No,No,1,1
990,Bolilawa Gaming,No,Yes,5,1
202,Duliroqu Esports,No,No,1,0
511,Team Bisane,No,Yes,3,0
30,Buzoroxa Geducevu,No,No,0,1
704,Team Degecut,Yes,Yes,4,0
291,Bifux Qigade,Yes,No,2,3
16,Team Zatula,Yes,Yes,5,0
810,Yifac Gaming,No,No,3,1
55,Luwihiy Gaming,No,Yes,5,3
530,Team Gowuz,No,No,4,0
571,WiniNakij,No,Yes,3,2
580,Lixeka United,Yes,No,2,0
64,Kigaxepe Larip,Yes,No,4,3
908,Nitaweto FC,No,Yes,0,2
250,VuzohPed,No,No,0,2
169,Team Qakihuzi,No,No,3,0
673,Niqez Esports,Yes,Yes,3,2
477,Rovili Yekom,Yes,No,1,2
62,Micas Toned,Yes,Yes,3,1
539,Zakava United,No,Yes,5,3
815,Hejiqoba Kuxilo,No,Yes,2,2
901,Qojariju Gaming,Yes,No,5,3
703,NawYer,Yes,Yes,4,2
585,Fajipo Vufeze,Yes,No,5,0
248,KacedZaqu,No,Yes,4,1
161,Dufewez Wokaf,No,No,5,0
123,FopLova,Yes,No,2,3
129,Vufivese Pezusopo,No,Yes,3,2
840,Qoxipa Esports,Yes,No,5,0
214,NebawFum,Yes,No,5,2
784,Dimanofe Laqotur,No,Yes,0,1
785,WafurPom,No,No,0,2
405,Gololuho Esports,No,No,4,0
613,RubovYive,No,No,5,1
178,Deduy Xageqam,Yes,Yes,4,0
611,QajadKek,Yes,Yes,4,3
98,FeyeHojiw,No,Yes,1,2
218,Resajo Dejix,No,No,2,1
6,FuwRuh,Yes,Yes,4,1
688,Waredife FC,No,No,1,0
667,Team Heraku,No,No,5,0
81,Bejahiru Hoxov,No,Yes,3,2
468,Team Dajitosu,No,Yes,1,3
530,Team Wukot,Yes,Yes,5,2
854,Hibot Vumefuwi,No,No,5,2
685,DosuPubu,No,No,0,2
539,Zolaleh United,Yes,No,5,1
369,Yisikeyi FC,Yes,Yes,5,2
293,Bifux Qigade,No,No,2,3
687,Xarohah Yametu,Yes,No,1,3
864,SadiLuwez,Yes,No,3,3
958,SijoVal,No,Yes,3,2
861,Mizuca Wegobo,Yes,No,3,2
842,KarLew,No,Yes,0,3
408,Niqez Esports,Yes,Yes,0,1
975,Team Wigure,No,No,1,3
352,Paweqep Gaming,No,Yes,1,2
1000,KacedZaqu,No,No,0,1
933,Foyat Gaming,No,No,4,3
4,Team Tefizora,Yes,No,5,0
319,Humos United,No,Yes,4,1
947,Team Vamizu,Yes,Yes,1,1
66,FeyeHojiw,No,No,0,2
671,Xaruxupo United,Yes,Yes,2,0
868,Yohakoje Esports,No,No,0,3
123,Team Tasahesi,No,Yes,4,2
64,Zijuhi Hewupu,No,Yes,5,0
101,Team Tecajofi,Yes,No,0,1
487,Yejifeg Pufojisi,No,No,3,2
767,Lixeka United,No,Yes,3,1
111,Team Karufo,No,Yes,1,3
391,Rosayu Gomuxax,Yes,No,4,3
31,Qunete Esports,No,Yes,2,0
91,Team Vegeza,Yes,No,4,2
84,Ducebu Esports,Yes,No,3,3
211,Biyineb Gaming,No,No,5,0
58,Team Cagis,No,No,4,3
460,Gololuho Esports,No,Yes,0,1
591,Zeruveko Pivovuh,No,Yes,5,2
991,HetiwJafa,No,No,5,1
897,Bejahiru Hoxov,No,Yes,0,3
824,Vujoxaga Esports,No,Yes,1,3
322,KozeJayos,Yes,No,4,3
621,WagLaga,No,No,0,1
28,Team Wakimeni,No,Yes,0,2
245,Xazuqewe Kufisu,Yes,No,5,2
536,Team Vegeza,Yes,Yes,4,1
102,Qofeb Yofil,Yes,No,4,1
605,HemRuge,No,Yes,0,0
312,Team Zedamob,Yes,No,4,3
402,Giwevi FC,Yes,No,4,2
935,Wuyeziy Gaming,Yes,No,1,3
714,Team Wiqeb,Yes,Yes,1,0
41,ToyiGum,Yes,Yes,5,3
968,Wodifuw Gipiyoro,No,Yes,1,1
401,Fajipo Vufeze,Yes,No,5,2
45,NoheXavox,No,Yes,2,0
755,Gigidoh FC,No,No,1,0
671,Jizume United,No,No,5,3
863,Sajil FC,Yes,No,2,0
918,Cayoju Kawuzew,No,Yes,2,2
967,MopoJeti,Yes,No,2,2
737,Foyat Gaming,No,Yes,2,1
648,Reboloqu Tafeyaza,Yes,No,2,1
804,Yufum Hiyexe,No,No,5,2
459,Lison Yezeqin,Yes,No,0,3
938,KofarBayu,Yes,Yes,2,3
743,XosegMukek,Yes,No,5,0
732,ZugiqCayag,No,Yes,4,2
975,Team Sokuv,Yes,Yes,4,2
236,ToyiGum,Yes,No,5,2
181,MazojWimaj,No,Yes,1,0
230,YitVekoj,Yes,Yes,4,1
988,Duliroqu Esports,No,No,3,2
475,Mefavur United,Yes,Yes,5,0
49,Team Xawakej,No,Yes,1,2
948,WawiWaz,Yes,Yes,2,1
626,Team Qosorap,No,Yes,1,2
147,Nekek United,No,Yes,4,0
334,Hibot Vumefuwi,No,Yes,1,1
323,Bejahiru Hoxov,No,No,0,1
643,Kizot Tokop,Yes,No,0,1
571,Biyineb Gaming,Yes,No,2,2
60,JoqiCuyot,No,No,0,1
840,Ruruzome Gaming,No,Yes,4,2
812,DosuPubu,No,Yes,0,0
280,KulLav,Yes,Yes,4,0
96,Team Yudufib,Yes,Yes,0,2
120,Nuxida United,No,Yes,5,1
300,Nekek United,Yes,No,5,1
19,Dayuha Xifepava,No,Yes,3,3
519,Joqimihe FC,Yes,Yes,1,3
992,TutaJipil,No,Yes,5,0
679,HusCana,No,No,1,2
397,ZafazXiha,No,No,2,2
159,Bohecoqo United,No,No,4,2
74,Gabogo United,Yes,Yes,5,2
582,Team Vegeza,No,No,1,0
574,Wetiref Vuxak,No,No,3,3
709,Team Wukot,Yes,Yes,4,0
44,Xaruxupo United,Yes,Yes,0,2
798,Mefavur United,No,Yes,0,3
394,Team Qipiy,Yes,Yes,3,3
180,Jegevu FC,No,Yes,3,2
107,Team Vajidodu,No,Yes,2,2
512,MitSeb,No,No,5,0
186,Team Panux,Yes,Yes,1,2
930,Goyajel FC,No,No,0,2
846,Zelozej Esports,No,Yes,0,3
268,BojupJilu,Yes,Yes,2,1
516,Wunur Hoqomi,Yes,No,0,0
687,WapuXili,No,Yes,1,3
777,HemRuge,Yes,Yes,3,3
69,BuwDax,No,Yes,4,1
639,Team Lefusiw,No,No,1,0
317,TamefVag,No,No,4,3
359,Team Yivuyup,Yes,No,1,3
448,DameKoz,No,Yes,1,0
387,Reboloqu Tafeyaza,Yes,No,4,0
209,Qerefuxe Gaming,No,Yes,4,0
781,Cohiluga Esports,No,Yes,2,2
838,Pucugocu United,No,Yes,3,0
957,Jahacet Kawefes,Yes,No,0,0
59,Team Huxobaq,Yes,Yes,1,3
352,WiyogPutar,Yes,No,1,1
729,Xazuqewe Kufisu,Yes,Yes,1,0
676,XadusJobe,No,Yes,4,2
391,Yisikeyi FC,No,Yes,3,3
694,Team Tecajofi,Yes,No,3,3
472,Zadivik Peheyo,No,No,2,0
915,Team Holico,Yes,Yes,5,1
891,Loqecuna Xifaz,Yes,No,1,2
664,Puhipizi Qedeqi,No,No,2,2
886,Josiza Gaming,Yes,Yes,5,0
97,Team Zuvel,No,Yes,3,3
982,KofarBayu,No,No,0,2
59,Nejidike Esports,No,No,1,3
200,Team Kuzucocu,No,No,4,0
759,JeseMiceq,No,No,2,2
584,Team Nimugo,No,Yes,0,2
187,Higax Esports,Yes,No,0,0
803,NebawFum,Yes,No,2,2
989,Hujoq Puyid,Yes,Yes,5,0
670,Xeholi Winoxo,No,No,0,1
359,ZukuhPidon,No,Yes,5,1
987,FopLova,Yes,Yes,3,1
183,LolaWaye,Yes,Yes,5,2
77,Gigim Foroc,No,No,0,2
628,Zevozoza United,No,No,0,1
889,FuwRuh,Yes,No,3,3
8,Mizuca Wegobo,Yes,No,5,1
94,Teveral Suwez,Yes,Yes,2,3
350,QosoVewov,Yes,Yes,0,3
357,Badov Esports,Yes,No,0,0
955,Yemesom Qajot,Yes,Yes,0,3
218,SadiLuwez,Yes,Yes,0,0
727,Wuyeziy Gaming,No,No,2,1
331,Wuyeziy Gaming,Yes,Yes,0,2
63,KarLew,No,No,5,1
758,Team Wobum,Yes,Yes,5,0
425,Hevep Esports,Yes,Yes,2,2
631,Ducebu Esports,No,No,3,3
798,Qerefuxe Gaming,Yes,No,1,1
89,Waviluv United,No,No,2,1
560,Bemuf Vibos,No,No,4,2
478,Goyajel FC,No,Yes,1,3
699,Team Xixadib,No,Yes,5,1
149,LobTuf,Yes,Yes,3,0
144,VezaZipok,Yes,No,1,3
253,Yogiqar Esports,Yes,No,4,2
802,Team Mijey,No,No,3,1
761,DameKoz,Yes,No,5,1
476,Tubuq Cubebog,No,No,2,2
92,Team Zatula,Yes,Yes,1,1
714,Wehuma Esports,No,No,4,0
400,Jokiruf FC,Yes,No,5,2
389,Team Wobum,Yes,Yes,2,3
684,Zenoko United,No,Yes,0,1
472,Vevacom Lexifeje,Yes,Yes,5,2
746,Marax Esports,Yes,Yes,2,3
546,Team Wobasi,No,No,5,0
658,Tewur Lijesi,No,No,1,2
152,Team Qipiy,No,Yes,4,2
121,Votiqex Dilibiwe,Yes,Yes,5,1
435,Team Hetuwor,Yes,Yes,2,2
74,Wuyeziy Gaming,No,No,3,0
747,HibeGic,Yes,No,3,3
297,Dovutose Esports,Yes,Yes,5,3
302,Jahacet Kawefes,No,No,1,2
230,NoheXavox,No,No,4,1
851,GavSeg,Yes,Yes,2,3
762,Team Wukot,No,No,3,0
622,Muvodu Gaming,Yes,Yes,3,0
708,Pepoquzu Lulijuji,No,No,1,1
75,Team Qirujaz,No,Yes,3,2
509,Team Mepahi,Yes,No,5,3
673,WapuXili,No,No,5,2
612,Cohiluga Esports,No,No,2,3
674,Zijuhi Hewupu,No,Yes,0,1
532,Woyejice Gaming,No,No,2,1
106,Qopacu Esports,Yes,No,2,2
630,Kizot Tokop,Yes,No,1,0
179,Gayikivi Wahuqa,No,Yes,1,0
342,LulLefe,No,No,5,2
570,FuwRuh,Yes,Yes,0,0
915,Gigim Foroc,No,No,3,3
389,Wowenoy Havicuw,No,No,2,3
264,Team Xutodoze,Yes,No,3,2
738,Team Muwijin,No,No,4,3
77,Fajipo Vufeze,Yes,Yes,1,0
879,Kovotujo Dobewa,Yes,No,1,2
494,Team Xuvum,No,Yes,3,3
609,RikiYec,No,Yes,2,0
192,Team Lefusiw,No,Yes,0,1
688,BuwDax,Yes,Yes,1,1
600,Niqez Esports,Yes,No,4,1
752,Vufivese Pezusopo,No,Yes,0,3
120,Ranewe Taman,Yes,No,4,1
878,Qitipiwi Esports,Yes,No,1,3
184,Refevay FC,Yes,No,3,0
534,Gefexey Jawuyi,Yes,No,4,3
996,RajihSih,Yes,No,5,2
504,Bohecoqo United,No,Yes,4,1
418,Zakava United,Yes,No,5,1
297,DameKoz,No,No,4,1
90,MitSeb,Yes,Yes,4,1
318,Nemuray Tujebi,Yes,No,4,2
558,Suhuta Cehire,No,No,0,2
938,Suseni Gaming,No,No,2,2
383,Loqav Dadoqiti,No,No,4,1
892,Yufum Hiyexe,Yes,No,5,2
337,Lizem Esports,Yes,No,3,2
682,Bohecoqo United,Yes,No,5,3
811,Nejidike Esports,No,Yes,2,0
645,Team Gihoc,Yes,No,2,1
647,PowuwBowo,No,No,1,0
432,Kawuj Esports,Yes,Yes,1,1
578,Team Hadobu,No,Yes,5,0
676,Team Hadobu,Yes,No,3,0
651,ZafazXiha,Yes,Yes,4,3
700,Team Facom,Yes,No,2,2
49,Team Zuvel,Yes,No,3,3
805,Gofep Zehar,Yes,Yes,4,2
994,Puhipizi Qedeqi,Yes,Yes,1,0
32,Gofep Zehar,No,No,2,1
78,Jajavayu FC,No,Yes,2,0
47,XiwaNuxo,No,No,1,3
66,Mefavur United,Yes,Yes,1,1
266,Dudixu Xopomilu,No,Yes,0,2
22,Team Huxobaq,Yes,Yes,1,1
422,Zuvusuj Esports,No,Yes,5,3
538,Paxaso Puzotoju,Yes,No,0,3
850,Jibiz Gaming,No,No,0,0
581,GasLiw,No,No,3,3
270,Team Vegeza,Yes,No,3,0
740,Pucugocu United,No,No,3,0
860,SijoVal,Yes,Yes,5,3
183,Bibeqasu Gaming,No,No,2,1
659,Zisiyu Yupurof,No,Yes,3,2
335,Bejahiru Hoxov,Yes,No,3,0
279,KoqMakoq,No,No,5,1
483,Tasen United,No,No,5,3
42,Jetodih Mifecobo,No,Yes,5,1
204,Xadujo Bixekuj,No,Yes,2,0
374,BuwDax,Yes,Yes,4,0
134,Ducebu Esports,Yes,No,5,0
841,Team Cowamohu,No,No,1,0
237,Demut United,No,No,1,1
338,Team Qedoli,Yes,No,3,0
390,Jubayuda Quheped,No,Yes,1,3
664,Team Vocadi,Yes,Yes,3,1
565,RikiYec,Yes,No,0,2
903,WevZiji,No,Yes,4,0
207,Team Kojaduce,No,Yes,0,3
936,Paweqep Gaming,Yes,Yes,4,3
484,Team Wukod,Yes,Yes,5,2
174,Dufewez Wokaf,No,Yes,5,1
37,Fadipow Sukipo,No,Yes,5,1
556,Tojim Bokaqi,No,No,3,2
963,Fewena Muluwayu,No,Yes,4,1
19,Zijuhi Hewupu,Yes,No,0,3
587,Duneqo Esports,No,No,3,2
34,ZenuXowor,No,Yes,2,2
513,Qopacu Esports,Yes,No,5,0
766,Huqucoh Tidogu,Yes,Yes,1,1
763,Kayije Xolav,No,Yes,5,1
30,Team Muwijin,Yes,Yes,2,1
369,HibeGic,No,No,2,1
203,ZugiqCayag,Yes,Yes,1,0
57,Rovili Yekom,No,No,1,2
888,Zoracig Esports,No,Yes,2,2
449,VavQihej,Yes,Yes,0,3
923,Muvodu Gaming,Yes,No,5,0
162,Paweqep Gaming,No,Yes,1,0
341,Qoxipa Esports,Yes,Yes,5,2
353,Team Nuvomi,No,Yes,0,0
178,Hemuxeb Lomem,No,No,3,0
423,Team Wobasi,No,Yes,0,2
998,Bibeqasu Gaming,No,Yes,3,3
273,Kovotujo Dobewa,No,Yes,1,0
590,Badov Esports,Yes,No,1,0
126,Ducebu Esports,No,Yes,3,3
185,Waveju Esports,Yes,No,4,0
830,Gololuho Esports,Yes,Yes,4,2
661,FeyoFej,No,No,0,2
965,Micas Toned,No,No,0,0
386,Miseyogi FC,No,Yes,5,2
221,Team Vamizu,Yes,Yes,0,1
544,Yaculime Poricu,No,Yes,3,3
454,Wokasa Vovuloc,Yes,No,5,1
568,Team Xewuxa,No,No,0,1
674,Dovutose Esports,Yes,No,5,1
272,Team Xizuvuc,Yes,No,5,1
137,Team Wigure,Yes,No,2,2
731,SiyowLoqon,Yes,No,4,3
602,Xereh Nufik,Yes,No,3,0
614,Team Jinud,Yes,Yes,3,1
526,Yifac Gaming,No,Yes,3,3
227,Zezusoge Esports,Yes,No,2,1
757,Luwihiy Gaming,Yes,Yes,2,0
456,Team Puzumap,No,Yes,3,3
116,Team Pinofo,No,Yes,5,2
574,WapuXili,Yes,Yes,4,2
697,Sajil FC,Yes,No,5,2
348,Team Nuvomi,Yes,No,5,3
217,Giwevi FC,No,No,0,3
256,Tobiv Esports,Yes,Yes,3,1
2,Desapiq FC,Yes,Yes,1,0
666,Gigidoh FC,Yes,No,5,2
655,Joqimihe FC,No,No,4,0
341,QimeDeqi,No,No,1,3
329,Bemomo Bujeku,No,No,2,2
61,Team Yivuyup,Yes,No,4,2
447,Zevozoza United,No,Yes,2,0
267,Wehuma Esports,No,Yes,4,0
324,Team Moqubo,Yes,Yes,3,2
400,VezaZipok,No,Yes,2,0
637,Team Nasifihe,No,Yes,4,1
244,Josiza Gaming,No,Yes,3,3
159,Wufiqazo FC,Yes,Yes,5,0
216,Team Qiwebegu,Yes,Yes,1,2
562,ZugiqCayag,No,Yes,3,0
953,VuzohPed,Yes,Yes,2,3
567,Team Fofamo,No,Yes,4,3
354,ZukuhPidon,No,Yes,4,1
146,Yitac United,No,Yes,4,1
573,SijoVal,No,Yes,1,1
25,MayiLonun,No,No,0,1
243,KacedZaqu,Yes,Yes,0,3
35,Daxojipe Jopoh,Yes,Yes,3,2
729,Loqav Dadoqiti,No,No,0,1
830,Team Viwihuqu,No,No,3,3
644,MazojWimaj,Yes,No,4,3
100,Lutarato Yomiberi,Yes,No,1,0
480,Qunete Esports,No,Yes,5,3
373,XeqeqKim,Yes,No,3,3
118,Team Gowuz,Yes,Yes,3,1
577,Bibeqasu Gaming,Yes,Yes,3,0
348,FeyeHojiw,No,Yes,0,1
148,Doqekuk Wavuju,No,No,4,2
20,Cohiluga Esports,Yes,No,4,3
317,XukZadul,Yes,Yes,4,3
80,Dayuha Xifepava,Yes,Yes,2,3
189,Suhuta Cehire,Yes,Yes,1,0
719,Jibiz Gaming,No,No,3,2
656,Team Qizodez,No,Yes,2,0
474,Team Hadobu,No,Yes,1,1
271,RikiYec,No,No,2,1
950,Zapucaz Rigawi,Yes,No,0,1
779,Team Zuxihup,Yes,No,4,1
713,Nuxida United,Yes,Yes,3,2
702,Focozi Gejoheg,No,Yes,4,0
140,Dimanofe Laqotur,No,No,1,2
475,Zabigid Gaming,No,No,2,2
27,Xeholi Winoxo,No,No,5,2
797,CulujJaz,Yes,No,2,2
926,Sajil FC,No,No,3,0
170,WapuXili,No,Yes,2,3
874,Team Yejuluxi,Yes,Yes,0,2
812,Muvodu Gaming,Yes,No,0,2
217,Refevay FC,Yes,Yes,1,2
431,Duneqo Esports,Yes,No,2,2
499,Votiqex Dilibiwe,No,No,3,2
920,Mizuca Wegobo,Yes,Yes,3,1
566,Gulaha Jemaco,No,No,1,2
208,Jibiz Gaming,Yes,Yes,1,2
716,Yejifeg Pufojisi,Yes,Yes,1,3
679,Team Yudufib,Yes,Yes,2,0
410,TutaJipil,No,No,5,1
132,Team Moqubo,No,Yes,4,3
856,Yemesom Qajot,Yes,No,1,2
172,XawVore,Yes,Yes,2,3
643,Wujuso Tusiwi,No,Yes,0,3
992,QezYehe,Yes,No,0,3
706,Huvuco United,No,No,5,1
678,Loqav Dadoqiti,Yes,No,1,2
670,Team Tefizora,Yes,Yes,5,3
722,Gigim Foroc,No,Yes,0,2
735,Notof Cubuteyi,No,Yes,4,2
650,Team Qefik,No,Yes,0,2
482,DusNop,No,Yes,1,1
157,FuwRuh,Yes,Yes,3,1
552,XosegMukek,Yes,No,3,2
681,Team Qemidod,No,No,0,3
401,Team Gaboq,No,Yes,1,0
549,Dayuha Xifepava,Yes,No,0,3
594,Dimanofe Laqotur,No,Yes,3,3
725,Xemiyona Watateya,No,Yes,4,2
333,Fipufi Gaming,Yes,No,4,1
748,Team Yipigut,Yes,No,2,3
524,Coqof Fevejos,Yes,Yes,5,3
863,SitiJoyi,No,Yes,4,2
749,Team Vamizu,No,Yes,0,0
908,Team Xebawuk,Yes,No,2,0
659,ToyiGum,Yes,No,4,0
581,XizozFoso,Yes,Yes,0,1
583,Waveju Esports,No,No,0,1
417,Vayana Katoqe,Yes,Yes,3,3
771,WemukGiv,Yes,No,5,2
681,Team Jihikita,Yes,Yes,5,1
836,SijoVal,Yes,No,2,3
589,VeqDazid,No,Yes,5,1
927,Qofeb Yofil,No,No,5,2
506,Team Pinofo,Yes,Yes,0,2
870,Team Holico,Yes,No,0,2
799,Xadujo Bixekuj,No,No,2,2
41,Pohagenu Esports,No,No,1,0
937,Team Yudufib,No,No,0,0
583,Zabigid Gaming,Yes,Yes,0,3
898,Qunete Esports,Yes,No,1,1
790,Notof Cubuteyi,No,No,5,2
307,Team Xutodoze,No,Yes,3,2
781,FosZemu,Yes,No,1,1
92,Team Tasahesi,No,No,4,0
987,Qoxuy Yinapo,No,No,3,0
653,HetiwJafa,Yes,Yes,0,0
34,Tiresep FC,Yes,No,1,3
997,BuwDax,Yes,No,2,0
315,RanugRen,Yes,No,3,2
780,Gigim Foroc,Yes,Yes,4,0
479,MitSeb,Yes,No,1,0
895,Badov Esports,Yes,Yes,2,1
756,LiqNeg,Yes,No,4,2
892,Wujuso Tusiwi,No,Yes,3,3
461,SevaKohi,Yes,No,2,3
481,Jibiz Gaming,No,No,1,2
565,QelKulu,No,Yes,5,3
693,KulLav,Yes,Yes,3,0
321,DuqeJuye,No,Yes,4,3
859,SevaKohi,Yes,No,3,3
177,Taqaten Esports,No,Yes,3,1
535,Xegotube Tivuki,No,No,0,0
152,XosegMukek,Yes,No,4,0
764,Qofeb Yofil,No,Yes,5,1
523,Team Mapukupa,No,Yes,3,2
479,Team Muwijin,No,Yes,0,1
314,Xefiyu FC,No,Yes,4,0
235,Higax Esports,Yes,No,3,3
824,Gabogo United,Yes,No,1,3
14,Daxojipe Jopoh,Yes,Yes,1,3
641,Daxojipe Jopoh,Yes,No,0,3
771,Dimanofe Laqotur,No,Yes,5,0
828,Team Mijey,No,Yes,1,1
646,Team Xawakej,Yes,Yes,2,2
119,Team Xujajum,No,Yes,3,3
80,Team Talori,No,No,1,0
91,Team Woqenahi,No,Yes,0,2
367,QosoVewov,Yes,Yes,0,2
940,Xeholi Winoxo,No,Yes,2,2
219,VacQoho,Yes,Yes,3,2
309,ToyiGum,Yes,Yes,2,2
508,Taqaten Esports,Yes,No,2,1
990,Luwihiy Gaming,Yes,No,3,0
665,Xefiyu FC,Yes,Yes,2,2
807,Wokasa Vovuloc,Yes,No,5,1
467,Sukud Gaming,Yes,No,3,3
294,YitVekoj,Yes,No,5,2
445,Xazuqewe Kufisu,Yes,Yes,3,2
896,Ranewe Taman,No,Yes,5,0
293,Team Qeyoloq,Yes,Yes,2,1
616,Jetodih Mifecobo,Yes,No,3,0
751,Team Mexubaj,Yes,No,3,0
11,Bolilawa Gaming,Yes,No,2,2
303,Kigaxepe Larip,No,Yes,3,2
90,Taqaten Esports,No,No,1,1
820,Cayoju Kawuzew,Yes,Yes,0,0
493,BuwDax,No,Yes,0,1
67,Team Siputas,No,Yes,0,2
875,Yapinu Fexot,No,Yes,5,0
366,Demut United,No,Yes,3,2
655,Team Jihikita,Yes,Yes,2,3
906,Team Degecut,No,Yes,3,0
702,Team Xebawuk,Yes,No,2,3
754,Bejahiru Hoxov,No,No,5,3
179,Team Nuvomi,Yes,No,3,0
880,Kotey Peqopexi,No,Yes,0,1
443,ZuhDux,Yes,No,1,2
482,Team Gihoc,Yes,No,5,0
505,MayiLonun,Yes,Yes,4,3
633,Team Worefuco,No,No,1,0
393,Cayoju Kawuzew,No,Yes,1,0
700,Buyoxow Esports,No,Yes,3,1
17,Jetodih Mifecobo,Yes,Yes,4,1
150,Demut United,No,Yes,1,2
691,Tiresep FC,Yes,No,2,1
229,Waviluv United,No,No,2,2
331,XefNaput,No,No,5,1
638,Niqez Esports,No,No,0,3
226,WagLaga,No,No,2,0
717,Daxojipe Jopoh,No,No,2,1
691,Jubayuda Quheped,No,Yes,0,1
677,Bifux Qigade,Yes,No,4,3
22,Fuqicar United,No,No,0,3
503,Team Gowuz,Yes,Yes,4,0
614,WiyogPutar,No,No,1,3
570,Locimuh Qiluhi,No,No,5,0
579,DugeZah,No,Yes,0,1
289,PuvuQasa,No,No,2,0
878,Team Xekopo,No,Yes,0,2
242,Cuyex Yuyaj,Yes,No,3,1
399,Nazamif Gaming,No,Yes,4,3
816,Gamuxum Esports,No,No,1,0
950,WoyVov,No,Yes,4,0
268,Zevon Gaming,No,No,5,2
215,Desapiq FC,Yes,Yes,5,2
772,Team Mexubaj,No,No,1,2
835,ZugiqCayag,No,No,0,1
775,Vevacom Lexifeje,No,No,5,1
533,QelKulu,Yes,No,5,1
69,Xohipi Gaming,Yes,No,4,0
340,Xemiyona Watateya,Yes,Yes,0,0
242,Team Fofamo,No,Yes,2,1
108,Xubitiyo Segafomi,No,Yes,1,2
601,Gamuxum Esports,No,No,2,3
112,XanusDuv,No,Yes,2,3
803,Yisikeyi FC,No,Yes,1,3
891,KulLav,No,Yes,3,0
653,Team Riyufuza,No,No,2,2
698,Bemuf Vibos,No,Yes,3,3
820,VeqDazid,No,No,4,1
287,Team Gowuz,No,Yes,0,0
314,Team Qejoc,Yes,No,1,0
289,Team Kanux,Yes,Yes,0,2
450,Team Xawakej,Yes,Yes,2,1
388,Suhuta Cehire,No,No,1,3
834,Humos United,No,Yes,0,1
310,NoheXavox,Yes,No,5,3
858,Fuqicar United,No,No,3,0
150,Wokasa Vovuloc,Yes,No,0,1
844,Bolilawa Gaming,Yes,Yes,0,1
485,Maraqece Vupuriq,No,No,4,2
882,MayiLonun,No,No,1,3
538,Team Kegemasu,No,Yes,0,1
209,Nuxida United,Yes,No,1,2
568,LulLefe,Yes,Yes,1,0
88,Team Deqedoh,Yes,Yes,4,3
358,KoqMakoq,No,No,0,2
535,Joqimihe FC,Yes,Yes,2,0
312,Pohagenu Esports,No,Yes,2,2
122,Team Nuvomi,Yes,Yes,1,0
983,MitSeb,No,No,2,3
299,Team Gofoqute,Yes,No,2,3
942,Jahacet Kawefes,No,Yes,4,1
916,Yimakovi FC,No,Yes,5,2
24,Team Kijul,No,Yes,0,1
16,Votiqex Dilibiwe,No,No,1,0
458,Team Qakihuzi,No,No,0,3
776,Wetiref Vuxak,Yes,No,1,2
151,Team Qosorap,No,No,5,3
166,Team Jaruwi,Yes,No,1,1
347,Desapiq FC,Yes,No,1,0
906,Team Jihikita,Yes,No,0,0
782,Cejudol Sacaken,Yes,Yes,3,0
848,Buyoxow Esports,No,No,3,1
385,Nazamif Gaming,No,Yes,4,3
378,ZenuXowor,No,Yes,4,0
748,Yelozen United,No,Yes,1,1
308,Team Migosu,No,Yes,3,0
796,Bolilawa Gaming,Yes,No,2,2
902,Team Wohus,Yes,Yes,1,2
510,Team Vajidodu,Yes,Yes,2,2
497,Team Woqenahi,Yes,Yes,4,2
815,Qepepige Esports,Yes,No,5,2
619,Xohipi Gaming,No,No,1,2
256,Team Cowamohu,No,No,5,0
208,Tixiruti Esports,No,No,2,0
102,ZuhDux,No,Yes,3,1
838,Xohipi Gaming,Yes,No,2,2
128,Waveju Esports,No,Yes,1,1
881,SiyowLoqon,Yes,No,0,2
937,Team Mepahi,Yes,Yes,2,0
174,WemukGiv,Yes,No,5,2
43,Gefexey Jawuyi,Yes,Yes,3,1
520,Bolilawa Gaming,No,Yes,3,2
976,Pexam Wajoto,Yes,Yes,5,2
302,Buyoxow Esports,Yes,Yes,5,1
146,Team Wobasi,Yes,No,0,0
551,Team Zuvel,No,No,4,3
452,KofarBayu,Yes,No,5,1
546,Wetiref Vuxak,Yes,Yes,5,2
162,Cadim Esports,Yes,No,4,1
588,Wodifuw Gipiyoro,No,Yes,1,3
871,QirejZayo,No,No,3,1
380,Team Tecajofi,No,Yes,1,2
587,Locimuh Qiluhi,Yes,Yes,3,3
961,DugeZah,Yes,Yes,4,2
904,Team Tefizora,No,No,0,0
36,Wujuso Tusiwi,Yes,Yes,3,3
296,Daxojipe Jopoh,Yes,Yes,1,2
306,Bufog FC,Yes,Yes,2,2
246,Team Dilagag,Yes,Yes,4,3
792,Yazir Esports,Yes,No,2,2
737,Dovutose Esports,Yes,No,4,1
658,Team Voyati,Yes,Yes,4,2
158,Fajipo Vufeze,No,Yes,3,2
307,Zoracig Esports,Yes,No,0,1
609,Lixeka United,Yes,No,0,0
603,Bemuf Vibos,Yes,No,2,3
633,Xarohah Yametu,Yes,Yes,4,0
286,WevZiji,No,Yes,0,3
79,SevaKohi,Yes,No,5,2
37,Xaruxupo United,Yes,No,0,2
70,Yimakovi FC,Yes,Yes,1,1
392,Tojim Bokaqi,No,No,4,3
93,Paxaso Puzotoju,No,No,0,1
810,Team Vegeza,Yes,Yes,3,0
61,Team Qipiy,No,Yes,4,0
814,Zowesogo United,No,Yes,0,1
665,Team Gowuz,No,No,4,3
190,Focozi Gejoheg,No,Yes,4,0
550,WiniNakij,No,Yes,4,1
470,Josiza Gaming,Yes,No,1,3
42,Gigidoh FC,Yes,No,5,2
382,Jajavayu FC,Yes,Yes,3,0
986,Team Tefecugo,No,Yes,1,1
60,Vujoxaga Esports,Yes,Yes,0,1
446,Cuyex Yuyaj,Yes,No,1,2
87,Daxojipe Jopoh,Yes,No,2,2
328,Qofeb Yofil,No,No,4,0
910,DoturQod,Yes,No,3,0
869,Tudat Gaming,Yes,No,4,3
437,Huvuco United,Yes,Yes,2,1
10,DeciTod,No,No,5,1
606,Giwevi FC,Yes,Yes,2,1
338,Jozafic Gayuj,No,Yes,5,3
684,Kanehate Esports,Yes,No,5,1
545,Qadibali Gebemil,No,Yes,0,0
693,Team Bedizoku,No,No,1,0
913,Zoracig Esports,No,No,2,2
290,Team Saliteg,Yes,No,4,1
712,Team Vocadi,Yes,No,0,1
949,Josiza Gaming,No,No,3,0
421,Team Xaqoviv,Yes,No,2,1
189,Nilukeze Noran,No,No,5,0
406,Team Riyufuza,No,No,1,0
384,Yitac United,Yes,No,1,2
46,Duzegofa Gaming,No,No,3,1
847,Team Huxobaq,No,No,3,3
298,Xegotube Tivuki,Yes,Yes,5,0
622,VezaZipok,No,No,5,0
617,Team Xawakej,No,No,4,1
549,ZafazXiha,No,Yes,3,2
365,WemukGiv,No,Yes,5,1
439,Waveju Esports,No,Yes,1,2
745,Team Cukejeme,No,Yes,0,2
387,Xaruxupo United,No,Yes,3,3
743,Team Wobasi,No,Yes,5,2
780,Lutarato Yomiberi,No,No,5,0
933,Gayikivi Wahuqa,Yes,Yes,5,1
862,Team Kojaduce,Yes,Yes,4,3
163,Sayineju Borimoba,Yes,No,2,3
105,Qojariju Gaming,No,No,2,2
24,SadiLuwez,Yes,No,2,1
354,Team Deqedoh,Yes,No,3,0
951,QunubQas,Yes,Yes,4,2
548,Team Saliteg,No,Yes,2,3
126,Gigim Foroc,Yes,No,1,2
701,Xiqacu Gaming,No,No,4,0
821,Yonafobo Esports,No,Yes,1,0
662,ZuhDux,No,No,4,3
33,Jokiruf FC,No,No,2,1
165,Marax Esports,Yes,Yes,0,1
21,Hejiqoba Kuxilo,Yes,No,4,3
199,NacosKufug,Yes,No,2,1
226,Nekom FC,Yes,Yes,1,0
449,Team Mebexuv,No,No,5,2
893,Team Qosorap,Yes,Yes,0,3
176,Cikeceze Givaxoq,Yes,Yes,3,3
280,Desapiq FC,No,No,1,1
832,Yitac United,Yes,No,4,0
290,Team Xixadib,No,Yes,0,3
288,QunubQas,No,No,0,2
789,FaqoDoz,Yes,No,5,0
430,Yisikeyi FC,Yes,No,3,1
190,Team Hadobu,Yes,No,3,2
281,Zelozej Esports,Yes,No,3,3
86,WevZiji,Yes,Yes,1,3
65,Fadipow Sukipo,Yes,Yes,5,1
172,BageJuzob,No,No,2,0
339,Sogoyaje Hukejof,No,No,2,2
125,Jetodih Mifecobo,No,Yes,4,3
94,Resajo Dejix,No,No,5,1
756,Ducebu Esports,No,Yes,1,2
555,Jizume United,No,No,0,1
388,SijoVal,Yes,Yes,5,3
680,Cayoju Kawuzew,No,Yes,1,3
796,Kigaxepe Larip,No,Yes,2,1
176,Nigadego Lemitur,No,No,5,2
88,Yiwafuw Gaming,No,No,0,3
466,Zoracig Esports,No,No,1,3
25,FosZemu,Yes,Yes,5,1
593,Yohakoje Esports,Yes,No,0,0
454,Team Qedoli,No,Yes,0,0
266,Team Jihikita,Yes,No,0,0
260,Wowenoy Havicuw,Yes,Yes,1,1
542,Repiku Fodusuc,Yes,Yes,3,3
663,NediDor,Yes,No,1,2
632,Team Cotuwiha,Yes,No,5,1
496,Team Qipiy,No,No,0,2
514,XifJokis,No,No,2,3
818,KozeJayos,Yes,Yes,3,1
652,Team Zuxihup,Yes,No,1,1
776,Team Xujajum,No,Yes,0,0
116,Xeholi Winoxo,Yes,No,4,1
452,Ducebu Esports,No,Yes,0,2
144,DixusRadeg,No,Yes,1,3
85,XozePox,No,No,1,1
6,Xefiyu FC,No,No,5,2
115,Haxaqara Gaming,Yes,No,5,3
395,Waviluv United,No,Yes,0,3
759,Woyejice Gaming,Yes,Yes,3,2
717,Lutarato Yomiberi,Yes,Yes,2,2
311,Team Zuxihup,Yes,Yes,5,2
783,Team Tefizora,No,No,1,3
876,XukZadul,No,No,2,3
143,Pepoquzu Lulijuji,Yes,Yes,4,3
9,Wafeqa United,Yes,Yes,0,1
954,WiyogPutar,Yes,Yes,3,1
669,Humoto Esports,No,No,2,0
703,Qerefuxe Gaming,No,No,4,0
237,Silevose Bogipove,Yes,Yes,3,0
942,DosuPubu,Yes,No,2,1
276,Yazir Esports,No,Yes,5,3
495,Team Worefuco,No,No,2,1
12,Pitoyav Moyeviwo,No,No,2,0
170,Jetodih Mifecobo,Yes,No,0,3
835,Team Qizodez,Yes,Yes,0,0
605,Team Hepiwobu,Yes,No,3,2
808,ZukuhPidon,Yes,No,2,3
134,Team Wigure,No,Yes,5,1
795,Fajipo Vufeze,No,No,3,2
873,WawiWaz,Yes,No,0,3
294,Duzegofa Gaming,No,Yes,4,0
787,Tiwon United,Yes,No,3,1
889,Gayikivi Wahuqa,No,Yes,2,1
333,Daxojipe Jopoh,No,Yes,2,3
851,PuvuQasa,No,No,1,0
901,Team Qedoli,No,Yes,4,1
467,Team Dajitosu,No,Yes,4,2
158,Sehas FC,Yes,No,0,1
607,Repiku Fodusuc,Yes,Yes,5,3
761,Team Qizodez,No,Yes,1,3
235,Team Gowuz,No,Yes,3,1
919,FuxeQomi,Yes,Yes,0,1
87,Team Qosorap,No,Yes,1,2
649,Fadipow Sukipo,Yes,Yes,1,1
136,Wufiqazo FC,No,No,5,2
897,Team Zatula,Yes,No,2,3
844,Giwevi FC,No,No,2,0
882,XosegMukek,Yes,Yes,2,2
744,Micas Toned,Yes,Yes,5,2
567,Gofep Zehar,Yes,No,0,2
9,KojCuq,No,No,1,2
852,Gulaha Jemaco,Yes,No,4,3
774,Team Nuvomi,No,No,5,0
46,Team Xebawuk,Yes,Yes,0,3
612,Team Dilagag,Yes,Yes,2,3
244,Yohakoje Esports,Yes,No,4,3
103,Desapiq FC,No,No,1,1
262,Biyineb Gaming,No,Yes,2,1
740,Team Wasad,Yes,Yes,5,0
284,GasLiw,Yes,No,1,0
974,Jahacet Kawefes,No,Yes,0,0
195,Bohecoqo United,Yes,No,1,1
143,Yemesom Qajot,No,No,0,3
103,VacQoho,Yes,Yes,0,1
919,Kayije Xolav,No,No,5,3
853,Sajil FC,No,No,5,1
917,Nazamif Gaming,Yes,No,0,0
231,ZuhDux,No,No,5,3
607,Qoxuy Yinapo,No,No,1,3
285,Team Zatula,Yes,Yes,5,3
119,Team Wukot,Yes,No,1,1
909,MazojWimaj,Yes,Yes,4,2
788,Gulaha Jemaco,No,No,1,2
923,GidaMane,No,Yes,4,0
187,Gezato Solam,No,Yes,5,1
58,Naruneq United,Yes,Yes,0,0
635,Yobidot Qovamuyi,Yes,No,5,1
922,DoturQod,No,No,5,2
447,Gigim Foroc,Yes,No,4,1
980,Locimuh Qiluhi,No,No,1,1
763,Tewur Lijesi,Yes,No,0,3
720,Team Zuvel,No,Yes,1,1
890,Luxode United,Yes,No,5,3
478,BuwDax,Yes,No,4,2
513,Pepoquzu Lulijuji,No,Yes,1,0
594,Yazir Esports,Yes,No,0,0
750,Team Qeyoloq,No,Yes,2,0
188,TutaJipil,No,Yes,5,2
104,Team Xaqoviv,Yes,No,4,1
471,Hareluxa Cejowax,No,Yes,2,1
207,Team Huxobaq,Yes,No,5,0
416,Team Wigure,No,Yes,1,3
13,Team Heraku,Yes,No,2,3
862,Gixido Bukur,No,No,5,2
286,Cayoju Kawuzew,Yes,No,3,0
785,Qoxipa Esports,Yes,Yes,5,3
38,Wujuso Tusiwi,Yes,No,1,0
973,Tixiruti Esports,Yes,Yes,0,2
559,Sogoyaje Hukejof,Yes,No,5,1
837,Team Facom,Yes,No,3,2
343,Fehepuw United,Yes,Yes,4,0
32,Qoxipa Esports,Yes,Yes,4,3
303,Muvodu Gaming,Yes,No,5,0
181,Humoto Esports,Yes,No,1,2
139,RokezGocek,No,Yes,2,3
72,YubSoc,Yes,No,3,3
946,Paxaso Puzotoju,No,No,1,2
758,Team Xixadib,No,No,1,3
845,Desapiq FC,No,Yes,1,3
71,Sahes FC,Yes,No,0,1
346,Pitoyav Moyeviwo,Yes,No,2,2
269,Suhuta Cehire,No,No,0,0
376,Xoyaxa FC,Yes,Yes,2,3
925,JoqiCuyot,Yes,No,3,0
347,Yimakovi FC,No,Yes,0,2
305,Wunur Hoqomi,Yes,No,3,1
96,FeyoFej,No,No,3,2
416,NawYer,Yes,No,3,1
575,Wafeqa United,No,Yes,2,3
935,FuwRuh,No,Yes,0,3
164,Xazuqewe Kufisu,No,Yes,0,2
632,Qopeni Qiyedaha,No,Yes,4,1
968,VeqDazid,Yes,No,5,1
903,Romasivi Gaming,Yes,No,1,2
692,Kovotujo Dobewa,No,No,1,1
84,Zowesogo United,No,Yes,2,3
650,Cikeceze Givaxoq,Yes,No,3,3
428,Team Mepahi,No,No,0,0
251,Xegotube Tivuki,Yes,Yes,4,3
716,Team Kegemasu,No,No,3,1
409,ToyiGum,Yes,No,3,0
167,JeseMiceq,No,Yes,4,2
222,Qopacu Esports,No,Yes,5,3
328,Team Moqubo,Yes,Yes,0,3
15,Qofeb Yofil,No,No,3,1
486,Zevozoza United,Yes,Yes,5,1
97,Cohiluga Esports,Yes,No,5,3
201,Team Mepahi,No,Yes,0,0
786,Muvodu Gaming,No,No,4,0
799,Tudat Gaming,Yes,Yes,0,2
73,Team Wukod,No,Yes,3,3
197,Woyejice Gaming,Yes,No,1,3
259,QosoVewov,Yes,No,4,3
506,Xiqacu Gaming,No,No,1,1
362,Woyejice Gaming,No,Yes,0,1
715,Cejudol Sacaken,Yes,Yes,3,1
705,Team Voyati,Yes,No,4,2
476,XefNaput,Yes,Yes,2,2
599,Cejudol Sacaken,Yes,Yes,1,0
308,Ruruzome Gaming,Yes,No,5,2
965,Team Xixadib,Yes,Yes,0,0
99,Zevozoza United,Yes,No,5,3
533,Team Zedamob,No,Yes,0,2
913,Team Xewuxa,Yes,Yes,4,0
884,Bolilawa Gaming,Yes,No,0,1
580,Qorig Esports,No,Yes,3,0
629,Coqof Fevejos,No,Yes,1,3
275,SiyowLoqon,No,No,0,1
564,FuhZasuf,No,Yes,4,3
15,LobTuf,Yes,Yes,4,2
544,Jetodih Mifecobo,Yes,No,3,3
353,JeseMiceq,Yes,No,4,2
940,Bibeqasu Gaming,Yes,No,0,3
128,Loqecuna Xifaz,Yes,No,4,1
466,Vujoxaga Esports,Yes,Yes,3,2
130,Micas Toned,Yes,Yes,2,1
304,Team Riyufuza,Yes,Yes,3,1
